<?xml version="1.0" encoding="UTF-8" ?>
<solr>
	<solrcloud>
		<str name="host">127.0.0.1</str>
		<int name="hostPort">${hostPort:8983}</int>
		<str name="hostContext">${hostContext:solr}</str>
		<bool name="genericCoreNodeNames">${genericCoreNodeNames:true}</bool>
	</solrcloud>
	<shardHandlerFactory name="shardHandlerFactory" class="HttpShardHandlerFactory">
		<int name="socketTimeout">${socketTimeout:120000}</int>
		<int name="connTimeout">${connTimeout:15000}</int>
	</shardHandlerFactory>
</solr>

